,ID,Nationality
0,id10001,Ireland
1,id10002,India
2,id10003,India
3,id10004,USA
4,id10005,USA
5,id10006,Australia
6,id10007,USA
7,id10008,USA
8,id10009,Canada
9,id10010,USA
10,id10011,Canada
11,id10012,USA
12,id10013,USA
13,id10014,USA
14,id10015,UK
15,id10016,Ireland
16,id10017,India
17,id10018,India
18,id10019,Norway
19,id10020,USA
20,id10021,UK
21,id10022,UK
22,id10023,USA
23,id10024,Italy
24,id10025,USA
25,id10026,USA
26,id10027,UK
27,id10028,UK
28,id10029,USA
29,id10030,Norway
30,id10031,Sudan
31,id10032,USA
32,id10033,UK
33,id10034,Canada
34,id10035,USA
35,id10036,UK
36,id10037,Mexico
37,id10038,USA
38,id10039,Canada
39,id10040,USA
40,id10041,USA
41,id10042,USA
42,id10043,USA
43,id10044,USA
44,id10045,India
45,id10046,USA
46,id10047,USA
47,id10048,USA
48,id10049,USA
49,id10050,UK
50,id10051,USA
51,id10052,USA
52,id10053,UK
53,id10054,USA
54,id10055,Ireland
55,id10056,USA
56,id10057,USA
57,id10058,UK
58,id10059,USA
59,id10060,USA
60,id10061,USA
61,id10062,USA
62,id10063,USA
63,id10064,USA
64,id10065,USA
65,id10066,USA
66,id10067,Canada
67,id10068,USA
68,id10069,USA
69,id10070,USA
70,id10071,UK
71,id10072,USA
72,id10073,UK
73,id10074,USA
74,id10075,USA
75,id10076,Canada
76,id10077,USA
77,id10078,USA
78,id10079,USA
79,id10080,UK
80,id10081,USA
81,id10082,USA
82,id10083,USA
83,id10084,USA
84,id10085,UK
85,id10086,USA
86,id10087,USA
87,id10088,USA
88,id10089,UK
89,id10090,USA
90,id10091,USA
91,id10092,China
92,id10093,USA
93,id10094,USA
94,id10095,USA
95,id10096,USA
96,id10097,USA
97,id10098,UK
98,id10099,USA
99,id10100,USA
100,id10101,USA
101,id10102,USA
102,id10103,UK
103,id10104,Ireland
104,id10105,USA
105,id10106,UK
106,id10107,UK
107,id10108,USA
108,id10109,USA
109,id10110,USA
110,id10111,USA
111,id10112,USA
112,id10113,USA
113,id10114,Switzerland
114,id10115,USA
115,id10116,USA
116,id10117,Guyana
117,id10118,Ireland
118,id10119,USA
119,id10120,Australia
120,id10121,USA
121,id10122,USA
122,id10123,USA
123,id10124,USA
124,id10125,USA
125,id10126,Canada
126,id10127,USA
127,id10128,USA
128,id10129,USA
129,id10130,USA
130,id10131,USA
131,id10132,USA
132,id10133,USA
133,id10134,Italy
134,id10135,Canada
135,id10136,USA
136,id10137,USA
137,id10138,UK
138,id10139,USA
139,id10140,USA
140,id10141,Philippines
141,id10142,UK
142,id10143,USA
143,id10144,USA
144,id10145,UK
145,id10146,USA
146,id10147,USA
147,id10148,USA
148,id10149,USA
149,id10150,USA
150,id10151,UK
151,id10152,USA
152,id10153,USA
153,id10154,USA
154,id10155,Australia
155,id10156,USA
156,id10157,UK
157,id10158,USA
158,id10159,USA
159,id10160,USA
160,id10161,USA
161,id10162,USA
162,id10163,USA
163,id10164,USA
164,id10165,UK
165,id10166,Ireland
166,id10167,USA
167,id10168,Australia
168,id10169,USA
169,id10170,New Zealand
170,id10171,UK
171,id10172,USA
172,id10173,USA
173,id10174,USA
174,id10175,USA
175,id10176,Canada
176,id10177,Australia
177,id10178,USA
178,id10179,USA
179,id10180,USA
180,id10181,USA
181,id10182,UK
182,id10183,USA
183,id10184,USA
184,id10185,Canada
185,id10186,USA
186,id10187,UK
187,id10188,USA
188,id10189,USA
189,id10190,USA
190,id10191,Norway
191,id10192,UK
192,id10193,USA
193,id10194,USA
194,id10195,USA
195,id10196,USA
196,id10197,UK
197,id10198,USA
198,id10199,USA
199,id10200,USA
200,id10201,USA
201,id10202,Canada
202,id10203,UK
203,id10204,USA
204,id10205,USA
205,id10206,USA
206,id10207,UK
207,id10208,USA
208,id10209,UK
209,id10210,USA
210,id10211,Germany
211,id10212,USA
212,id10213,Australia
213,id10214,USA
214,id10215,Mexico
215,id10216,UK
216,id10217,USA
217,id10218,UK
218,id10219,USA
219,id10220,UK
220,id10221,UK
221,id10222,Australia
222,id10223,Australia
223,id10224,USA
224,id10225,UK
225,id10226,USA
226,id10227,USA
227,id10228,USA
228,id10229,USA
229,id10230,USA
230,id10231,USA
231,id10232,Mexico
232,id10233,USA
233,id10234,USA
234,id10235,UK
235,id10236,USA
236,id10237,USA
237,id10238,USA
238,id10239,USA
239,id10240,USA
240,id10241,Germany
241,id10242,USA
242,id10243,Canada
243,id10244,Mexico
244,id10245,Portugal
245,id10246,Ireland
246,id10247,UK
247,id10248,USA
248,id10249,Canada
249,id10250,USA
250,id10251,Canada
251,id10252,USA
252,id10253,USA
253,id10254,China
254,id10255,USA
255,id10256,UK
256,id10257,UK
257,id10258,Netherlands
258,id10259,USA
259,id10260,USA
260,id10261,USA
261,id10262,USA
262,id10263,USA
263,id10264,USA
264,id10265,USA
265,id10266,Canada
266,id10267,USA
267,id10268,USA
268,id10269,Ireland
269,id10270,USA
270,id10271,UK
271,id10272,USA
272,id10273,UK
273,id10274,USA
274,id10275,USA
275,id10276,UK
276,id10277,Spain
277,id10278,USA
278,id10279,USA
279,id10280,Ireland
280,id10281,USA
281,id10282,UK
282,id10283,USA
283,id10284,USA
284,id10285,USA
285,id10286,USA
286,id10287,USA
287,id10288,Canada
288,id10289,France
289,id10290,USA
290,id10291,UK
291,id10292,India
292,id10293,Ireland
293,id10294,USA
294,id10295,USA
295,id10296,USA
296,id10297,USA
297,id10298,USA
298,id10299,USA
299,id10300,USA
300,id10301,USA
301,id10302,USA
302,id10303,USA
303,id10304,Canada
304,id10305,Mexico
305,id10306,Norway
306,id10307,USA
307,id10308,Ireland
308,id10309,USA
309,id10310,Norway
310,id10311,USA
311,id10312,Pakistan
312,id10313,USA
313,id10314,UK
314,id10315,USA
315,id10316,UK
316,id10317,Ireland
317,id10318,USA
318,id10319,USA
319,id10320,USA
320,id10321,USA
321,id10322,UK
322,id10323,UK
323,id10324,India
324,id10325,USA
325,id10326,USA
326,id10327,USA
327,id10328,Norway
328,id10329,USA
329,id10330,USA
330,id10331,UK
331,id10332,UK
332,id10333,UK
333,id10334,Norway
334,id10335,USA
335,id10336,USA
336,id10337,USA
337,id10338,USA
338,id10339,USA
339,id10340,Italy
340,id10341,Ireland
341,id10342,USA
342,id10343,USA
343,id10344,Norway
344,id10345,Croatia
345,id10346,UK
346,id10347,Australia
347,id10348,UK
348,id10349,USA
349,id10350,USA
350,id10351,UK
351,id10352,USA
352,id10353,UK
353,id10354,Norway
354,id10355,Australia
355,id10356,UK
356,id10357,USA
357,id10358,USA
358,id10359,UK
359,id10360,UK
360,id10361,Germany
361,id10362,USA
362,id10363,USA
363,id10364,UK
364,id10365,USA
365,id10366,USA
366,id10367,USA
367,id10368,USA
368,id10369,USA
369,id10370,Germany
370,id10371,UK
371,id10372,UK
372,id10373,USA
373,id10374,USA
374,id10375,USA
375,id10376,UK
376,id10377,USA
377,id10378,Canada
378,id10379,UK
379,id10380,UK
380,id10381,Australia
381,id10382,UK
382,id10383,USA
383,id10384,South Korea
384,id10385,UK
385,id10386,USA
386,id10387,USA
387,id10388,UK
388,id10389,UK
389,id10390,UK
390,id10391,Sweden
391,id10392,Russia
392,id10393,India
393,id10394,Australia
394,id10395,UK
395,id10396,Poland
396,id10397,USA
397,id10398,USA
398,id10399,USA
399,id10400,USA
400,id10401,UK
401,id10402,USA
402,id10403,USA
403,id10404,USA
404,id10405,UK
405,id10406,USA
406,id10407,USA
407,id10408,Sri Lanka
408,id10409,Canada
409,id10410,Australia
410,id10411,UK
411,id10412,USA
412,id10413,USA
413,id10414,USA
414,id10415,Norway
415,id10416,USA
416,id10417,UK
417,id10418,USA
418,id10419,USA
419,id10420,UK
420,id10421,USA
421,id10422,USA
422,id10423,USA
423,id10424,USA
424,id10425,Ireland
425,id10426,UK
426,id10427,USA
427,id10428,USA
428,id10429,USA
429,id10430,USA
430,id10431,USA
431,id10432,USA
432,id10433,USA
433,id10434,USA
434,id10435,USA
435,id10436,USA
436,id10437,UK
437,id10438,UK
438,id10439,USA
439,id10440,USA
440,id10441,USA
441,id10442,USA
442,id10443,UK
443,id10444,USA
444,id10445,USA
445,id10446,USA
446,id10447,USA
447,id10448,Australia
448,id10449,USA
449,id10450,USA
450,id10451,USA
451,id10452,USA
452,id10453,USA
453,id10454,Canada
454,id10455,USA
455,id10456,Norway
456,id10457,Norway
457,id10458,USA
458,id10459,USA
459,id10460,USA
460,id10461,USA
461,id10462,USA
462,id10463,USA
463,id10464,USA
464,id10465,USA
465,id10466,USA
466,id10467,New Zealand
467,id10468,USA
468,id10469,USA
469,id10470,UK
470,id10471,USA
471,id10472,USA
472,id10473,USA
473,id10474,USA
474,id10475,USA
475,id10476,USA
476,id10477,USA
477,id10478,UK
478,id10479,USA
479,id10480,USA
480,id10481,UK
481,id10482,UK
482,id10483,UK
483,id10484,USA
484,id10485,USA
485,id10486,USA
486,id10487,USA
487,id10488,USA
488,id10489,USA
489,id10490,USA
490,id10491,USA
491,id10492,USA
492,id10493,Australia
493,id10494,USA
494,id10495,Australia
495,id10496,Canada
496,id10497,UK
497,id10498,Singapore
498,id10499,USA
499,id10500,Canada
500,id10501,USA
501,id10502,UK
502,id10503,USA
503,id10504,USA
504,id10505,UK
505,id10506,USA
506,id10507,USA
507,id10508,USA
508,id10509,USA
509,id10510,USA
510,id10511,Poland
511,id10512,UK
512,id10513,UK
513,id10514,USA
514,id10515,USA
515,id10516,Australia
516,id10517,Sweden
517,id10518,USA
518,id10519,India
519,id10520,USA
520,id10521,USA
521,id10522,USA
522,id10523,USA
523,id10524,UK
524,id10525,USA
525,id10526,USA
526,id10527,USA
527,id10528,USA
528,id10529,USA
529,id10530,USA
530,id10531,USA
531,id10532,UK
532,id10533,USA
533,id10534,USA
534,id10535,USA
535,id10536,USA
536,id10537,USA
537,id10538,UK
538,id10539,Australia
539,id10540,UK
540,id10541,UK
541,id10542,UK
542,id10543,USA
543,id10544,UK
544,id10545,USA
545,id10546,USA
546,id10547,USA
547,id10548,USA
548,id10549,USA
549,id10550,USA
550,id10551,UK
551,id10552,USA
552,id10553,USA
553,id10554,Ireland
554,id10555,Canada
555,id10556,USA
556,id10557,USA
557,id10558,Chile
558,id10559,USA
559,id10560,USA
560,id10561,USA
561,id10562,USA
562,id10563,USA
563,id10564,USA
564,id10565,USA
565,id10566,USA
566,id10567,USA
567,id10568,UK
568,id10569,USA
569,id10570,USA
570,id10571,USA
571,id10572,USA
572,id10573,USA
573,id10574,USA
574,id10575,UK
575,id10576,USA
576,id10577,USA
577,id10578,USA
578,id10579,USA
579,id10580,UK
580,id10581,USA
581,id10582,USA
582,id10583,India
583,id10584,USA
584,id10585,USA
585,id10586,Mexico
586,id10587,Germany
587,id10588,USA
588,id10589,UK
589,id10590,USA
590,id10591,USA
591,id10592,USA
592,id10593,USA
593,id10594,USA
594,id10595,USA
595,id10596,USA
596,id10597,USA
597,id10598,USA
598,id10599,USA
599,id10600,USA
600,id10601,UK
601,id10602,USA
602,id10603,Canada
603,id10604,USA
604,id10605,Canada
605,id10606,USA
606,id10607,USA
607,id10608,USA
608,id10609,UK
609,id10610,USA
610,id10611,USA
611,id10612,USA
612,id10613,USA
613,id10614,USA
614,id10615,USA
615,id10616,UK
616,id10617,UK
617,id10618,USA
618,id10619,Canada
619,id10620,UK
620,id10621,USA
621,id10622,USA
622,id10623,USA
623,id10624,USA
624,id10625,USA
625,id10626,UK
626,id10627,UK
627,id10628,USA
628,id10629,UK
629,id10630,USA
630,id10631,USA
631,id10632,USA
632,id10633,USA
633,id10634,USA
634,id10635,USA
635,id10636,USA
636,id10637,USA
637,id10638,USA
638,id10639,USA
639,id10640,USA
640,id10641,USA
641,id10642,USA
642,id10643,USA
643,id10644,USA
644,id10645,USA
645,id10646,Canada
646,id10647,USA
647,id10648,UK
648,id10649,USA
649,id10650,USA
650,id10651,USA
651,id10652,USA
652,id10653,USA
653,id10654,Australia
654,id10655,USA
655,id10656,USA
656,id10657,USA
657,id10658,USA
658,id10659,USA
659,id10660,USA
660,id10661,USA
661,id10662,India
662,id10663,Mexico
663,id10664,USA
664,id10665,USA
665,id10666,Australia
666,id10667,USA
667,id10668,USA
668,id10669,UK
669,id10670,USA
670,id10671,UK
671,id10672,USA
672,id10673,UK
673,id10674,USA
674,id10675,USA
675,id10676,USA
676,id10677,USA
677,id10678,USA
678,id10679,Philippines
679,id10680,USA
680,id10681,USA
681,id10682,Spain
682,id10683,UK
683,id10684,USA
684,id10685,USA
685,id10686,UK
686,id10687,USA
687,id10688,USA
688,id10689,USA
689,id10690,USA
690,id10691,USA
691,id10692,USA
692,id10693,UK
693,id10694,USA
694,id10695,USA
695,id10696,USA
696,id10697,Canada
697,id10698,USA
698,id10699,USA
699,id10700,USA
700,id10701,Norway
701,id10702,USA
702,id10703,New Zealand
703,id10704,Chile
704,id10705,USA
705,id10706,USA
706,id10707,Netherlands
707,id10708,USA
708,id10709,USA
709,id10710,USA
710,id10711,UK
711,id10712,Norway
712,id10713,USA
713,id10714,USA
714,id10715,USA
715,id10716,USA
716,id10717,UK
717,id10718,USA
718,id10719,Australia
719,id10720,UK
720,id10721,UK
721,id10722,USA
722,id10723,Sweden
723,id10724,India
724,id10725,USA
725,id10726,USA
726,id10727,USA
727,id10728,USA
728,id10729,Switzerland
729,id10730,USA
730,id10731,USA
731,id10732,USA
732,id10733,USA
733,id10734,Australia
734,id10735,USA
735,id10736,USA
736,id10737,Italy
737,id10738,USA
738,id10739,Russia
739,id10740,Portugal
740,id10741,Canada
741,id10742,USA
742,id10743,USA
743,id10744,USA
744,id10745,Spain
745,id10746,USA
746,id10747,Norway
747,id10748,USA
748,id10749,USA
749,id10750,USA
750,id10751,UK
751,id10752,USA
752,id10753,USA
753,id10754,USA
754,id10755,UK
755,id10756,UK
756,id10757,Australia
757,id10758,USA
758,id10759,UK
759,id10760,New Zealand
760,id10761,USA
761,id10762,UK
762,id10763,UK
763,id10764,USA
764,id10765,USA
765,id10766,USA
766,id10767,USA
767,id10768,Norway
768,id10769,Norway
769,id10770,Norway
770,id10771,USA
771,id10772,USA
772,id10773,USA
773,id10774,UK
774,id10775,USA
775,id10776,UK
776,id10777,USA
777,id10778,UK
778,id10779,USA
779,id10780,USA
780,id10781,USA
781,id10782,UK
782,id10783,USA
783,id10784,USA
784,id10785,USA
785,id10786,USA
786,id10787,USA
787,id10788,USA
788,id10789,Australia
789,id10790,USA
790,id10791,USA
791,id10792,USA
792,id10793,USA
793,id10794,USA
794,id10795,USA
795,id10796,USA
796,id10797,USA
797,id10798,USA
798,id10799,Australia
799,id10800,USA
800,id10801,USA
801,id10802,Canada
802,id10803,USA
803,id10804,USA
804,id10805,USA
805,id10806,USA
806,id10807,USA
807,id10808,USA
808,id10809,USA
809,id10810,Canada
810,id10811,USA
811,id10812,USA
812,id10813,UK
813,id10814,USA
814,id10815,USA
815,id10816,USA
816,id10817,UK
817,id10818,UK
818,id10819,USA
819,id10820,USA
820,id10821,USA
821,id10822,USA
822,id10823,USA
823,id10824,USA
824,id10825,USA
825,id10826,Russia
826,id10827,USA
827,id10828,Croatia
828,id10829,USA
829,id10830,UK
830,id10831,Australia
831,id10832,USA
832,id10833,UK
833,id10834,UK
834,id10835,USA
835,id10836,USA
836,id10837,USA
837,id10838,USA
838,id10839,USA
839,id10840,USA
840,id10841,USA
841,id10842,USA
842,id10843,Israel
843,id10844,Brazil
844,id10845,Germany
845,id10846,Sweden
846,id10847,USA
847,id10848,USA
848,id10849,USA
849,id10850,USA
850,id10851,UK
851,id10852,India
852,id10853,UK
853,id10854,UK
854,id10855,USA
855,id10856,USA
856,id10857,USA
857,id10858,UK
858,id10859,USA
859,id10860,UK
860,id10861,Canada
861,id10862,Australia
862,id10863,USA
863,id10864,USA
864,id10865,USA
865,id10866,USA
866,id10867,UK
867,id10868,USA
868,id10869,USA
869,id10870,Canada
870,id10871,Canada
871,id10872,Ireland
872,id10873,USA
873,id10874,USA
874,id10875,USA
875,id10876,Trinidad and Tobago
876,id10877,USA
877,id10878,USA
878,id10879,USA
879,id10880,USA
880,id10881,Denmark
881,id10882,USA
882,id10883,Germany
883,id10884,USA
884,id10885,UK
885,id10886,UK
886,id10887,Sweden
887,id10888,USA
888,id10889,USA
889,id10890,USA
890,id10891,USA
891,id10892,Russia
892,id10893,Canada
893,id10894,UK
894,id10895,UK
895,id10896,USA
896,id10897,USA
897,id10898,USA
898,id10899,USA
899,id10900,UK
900,id10901,India
901,id10902,USA
902,id10903,Spain
903,id10904,USA
904,id10905,USA
905,id10906,UK
906,id10907,USA
907,id10908,USA
908,id10909,UK
909,id10910,USA
910,id10911,Italy
911,id10912,India
912,id10913,USA
913,id10914,USA
914,id10915,USA
915,id10916,USA
916,id10917,USA
917,id10918,USA
918,id10919,USA
919,id10920,USA
920,id10921,USA
921,id10922,USA
922,id10923,Canada
923,id10924,UK
924,id10925,USA
925,id10926,USA
926,id10927,USA
927,id10928,USA
928,id10929,USA
929,id10930,USA
930,id10931,USA
931,id10932,UK
932,id10933,USA
933,id10934,USA
934,id10935,New Zealand
935,id10936,USA
936,id10937,UK
937,id10938,USA
938,id10939,Italy
939,id10940,Norway
940,id10941,India
941,id10942,Australia
942,id10943,India
943,id10944,USA
944,id10945,USA
945,id10946,USA
946,id10947,USA
947,id10948,Canada
948,id10949,Croatia
949,id10950,USA
950,id10951,USA
951,id10952,UK
952,id10953,USA
953,id10954,USA
954,id10955,India
955,id10956,India
956,id10957,USA
957,id10958,Italy
958,id10959,UK
959,id10960,USA
960,id10961,UK
961,id10962,Australia
962,id10963,UK
963,id10964,Philippines
964,id10965,USA
965,id10966,Canada
966,id10967,Switzerland
967,id10968,USA
968,id10969,New Zealand
969,id10970,UK
970,id10971,UK
971,id10972,USA
972,id10973,UK
973,id10974,UK
974,id10975,USA
975,id10976,UK
976,id10977,UK
977,id10978,USA
978,id10979,UK
979,id10980,USA
980,id10981,UK
981,id10982,UK
982,id10983,UK
983,id10984,USA
984,id10985,USA
985,id10986,USA
986,id10987,USA
987,id10988,Canada
988,id10989,UK
989,id10990,UK
990,id10991,USA
991,id10992,UK
992,id10993,USA
993,id10994,Ireland
994,id10995,USA
995,id10996,USA
996,id10997,UK
997,id10998,USA
998,id10999,USA
999,id11000,USA
1000,id11001,USA
1001,id11002,USA
1002,id11003,USA
1003,id11004,USA
1004,id11005,New Zealand
1005,id11006,USA
1006,id11007,UK
1007,id11008,UK
1008,id11009,USA
1009,id11010,USA
1010,id11011,Canada
1011,id11012,UK
1012,id11013,Canada
1013,id11014,Netherlands
1014,id11015,UK
1015,id11016,UK
1016,id11017,Australia
1017,id11018,USA
1018,id11019,USA
1019,id11020,USA
1020,id11021,USA
1021,id11022,USA
1022,id11023,UK
1023,id11024,UK
1024,id11025,New Zealand
1025,id11026,UK
1026,id11027,USA
1027,id11028,UK
1028,id11029,USA
1029,id11030,USA
1030,id11031,Australia
1031,id11032,UK
1032,id11033,USA
1033,id11034,USA
1034,id11035,USA
1035,id11036,USA
1036,id11037,USA
1037,id11038,USA
1038,id11039,Canada
1039,id11040,Chile
1040,id11041,USA
1041,id11042,USA
1042,id11043,Ireland
1043,id11044,USA
1044,id11045,Canada
1045,id11046,USA
1046,id11047,USA
1047,id11048,USA
1048,id11049,USA
1049,id11050,USA
1050,id11051,USA
1051,id11052,USA
1052,id11053,Canada
1053,id11054,UK
1054,id11055,UK
1055,id11056,USA
1056,id11057,USA
1057,id11058,USA
1058,id11059,UK
1059,id11060,USA
1060,id11061,UK
1061,id11062,USA
1062,id11063,USA
1063,id11064,USA
1064,id11065,Austria
1065,id11066,Canada
1066,id11067,USA
1067,id11068,USA
1068,id11069,USA
1069,id11070,Canada
1070,id11071,India
1071,id11072,USA
1072,id11073,USA
1073,id11074,USA
1074,id11075,South Africa
1075,id11076,Australia
1076,id11077,USA
1077,id11078,Canada
1078,id11079,USA
1079,id11080,UK
1080,id11081,USA
1081,id11082,USA
1082,id11083,USA
1083,id11084,USA
1084,id11085,USA
1085,id11086,UK
1086,id11087,Iran
1087,id11088,USA
1088,id11089,India
1089,id11090,India
1090,id11091,Denmark
1091,id11092,UK
1092,id11093,USA
1093,id11094,Australia
1094,id11095,UK
1095,id11096,UK
1096,id11097,USA
1097,id11098,USA
1098,id11099,USA
1099,id11100,India
1100,id11101,USA
1101,id11102,UK
1102,id11103,USA
1103,id11104,USA
1104,id11105,USA
1105,id11106,USA
1106,id11107,USA
1107,id11108,USA
1108,id11109,USA
1109,id11110,USA
1110,id11111,UK
1111,id11112,USA
1112,id11113,UK
1113,id11114,UK
1114,id11115,USA
1115,id11116,USA
1116,id11117,USA
1117,id11118,USA
1118,id11119,USA
1119,id11120,USA
1120,id11121,USA
1121,id11122,UK
1122,id11123,UK
1123,id11124,USA
1124,id11125,USA
1125,id11126,USA
1126,id11127,USA
1127,id11128,USA
1128,id11129,Canada
1129,id11130,India
1130,id11131,USA
1131,id11132,Denmark
1132,id11133,USA
1133,id11134,USA
1134,id11135,USA
1135,id11136,India
1136,id11137,USA
1137,id11138,Canada
1138,id11139,USA
1139,id11140,Canada
1140,id11141,USA
1141,id11142,UK
1142,id11143,USA
1143,id11144,UK
1144,id11145,UK
1145,id11146,USA
1146,id11147,USA
1147,id11148,Canada
1148,id11149,USA
1149,id11150,USA
1150,id11151,Canada
1151,id11152,USA
1152,id11153,USA
1153,id11154,USA
1154,id11155,USA
1155,id11156,USA
1156,id11157,UK
1157,id11158,USA
1158,id11159,USA
1159,id11160,UK
1160,id11161,UK
1161,id11162,USA
1162,id11163,USA
1163,id11164,USA
1164,id11165,USA
1165,id11166,USA
1166,id11167,USA
1167,id11168,USA
1168,id11169,UK
1169,id11170,USA
1170,id11171,USA
1171,id11172,USA
1172,id11173,Australia
1173,id11174,UK
1174,id11175,Canada
1175,id11176,USA
1176,id11177,UK
1177,id11178,UK
1178,id11179,Australia
1179,id11180,USA
1180,id11181,USA
1181,id11182,USA
1182,id11183,UK
1183,id11184,UK
1184,id11185,USA
1185,id11186,UK
1186,id11187,USA
1187,id11188,UK
1188,id11189,USA
1189,id11190,USA
1190,id11191,USA
1191,id11192,Australia
1192,id11193,USA
1193,id11194,USA
1194,id11195,USA
1195,id11196,USA
1196,id11197,USA
1197,id11198,USA
1198,id11199,USA
1199,id11200,USA
1200,id11201,USA
1201,id11202,USA
1202,id11203,USA
1203,id11204,USA
1204,id11205,Germany
1205,id11206,UK
1206,id11207,USA
1207,id11208,USA
1208,id11209,India
1209,id11210,USA
1210,id11211,USA
1211,id11212,Norway
1212,id11213,USA
1213,id11214,USA
1214,id11215,Italy
1215,id11216,USA
1216,id11217,USA
1217,id11218,USA
1218,id11219,USA
1219,id11220,USA
1220,id11221,USA
1221,id11222,USA
1222,id11223,USA
1223,id11224,USA
1224,id11225,USA
1225,id11226,USA
1226,id11227,Canada
1227,id11228,USA
1228,id11229,UK
1229,id11230,UK
1230,id11231,USA
1231,id11232,USA
1232,id11233,USA
1233,id11234,USA
1234,id11235,USA
1235,id11236,USA
1236,id11237,Germany
1237,id11238,USA
1238,id11239,USA
1239,id11240,Australia
1240,id11241,USA
1241,id11242,USA
1242,id11243,USA
1243,id11244,USA
1244,id11245,USA
1245,id11246,USA
1246,id11247,USA
1247,id11248,USA
1248,id11249,USA
1249,id11250,USA
1250,id11251,USA
